Region,site,ID,Microsite,x,y,z,rdm.cov,PF
Panoche,PAN3,1,ephedra,355,275,160,80,
Panoche,PAN3,1,open,,,,25,
Panoche,PAN3,2,ephedra,430,420,160,90,
Panoche,PAN3,2,open,,,,100,
Panoche,PAN3,3,ephedra,520,455,170,90,
Panoche,PAN3,3,open,,,,95,
Panoche,PAN3,4,ephedra,370,325,120,60,
Panoche,PAN3,4,open,,,,75,
Panoche,PAN3,5,ephedra,455,375,140,90,
Panoche,PAN3,5,open,,,,96,
Panoche,PAN3,6,ephedra,275,255,130,85,N
Panoche,PAN3,6,open,,,,15,Y
Panoche,PAN3,7,ephedra,275,250,95,80,
Panoche,PAN3,7,open,,,,30,
Panoche,PAN3,8,ephedra,310,245,110,80,Y
Panoche,PAN3,8,open,,,,15,Y
Panoche,PAN3,9,ephedra,135,115,110,95,
Panoche,PAN3,9,open,,,,10,
Panoche,PAN3,10,ephedra,355,345,130,90,
Panoche,PAN3,10,open,,,,100,
Panoche,PAN3,11,ephedra,280,270,95,100,
Panoche,PAN3,11,open,,,,95,
Panoche,PAN3,12,ephedra,320,300,155,60,Y
Panoche,PAN3,12,open,,,,90,Y
Panoche,PAN3,13,ephedra,175,90,115,80,
Panoche,PAN3,13,open,,,,100,
Panoche,PAN3,14,ephedra,530,420,160,100,
Panoche,PAN3,14,open,,,,60,
Panoche,PAN3,15,ephedra,565,440,130,90,
Panoche,PAN3,15,open,,,,50,
Panoche,PAN3,16,ephedra,580,410,115,75,Y
Panoche,PAN3,16,open,,,,85,Y
Panoche,PAN3,17,ephedra,265,210,120,80,
Panoche,PAN3,17,open,,,,50,
Panoche,PAN3,18,ephedra,255,235,125,80,
Panoche,PAN3,18,open,,,,45,
Panoche,PAN3,19,ephedra,280,265,115,50,Y
Panoche,PAN3,19,open,,,,25,Y
Panoche,PAN3,20,ephedra,170,150,95,50,
Panoche,PAN3,20,open,,,,35,
Panoche,PAN3,21,ephedra,275,210,120,40,
Panoche,PAN3,21,open,,,,15,
Panoche,PAN3,22,ephedra,275,260,100,75,
Panoche,PAN3,22,open,,,,10,
Panoche,PAN3,23,ephedra,395,390,165,100,Y
Panoche,PAN3,23,open,,,,20,Y
Panoche,PAN3,24,ephedra,220,205,95,70,
Panoche,PAN3,24,open,,,,8,
Panoche,PAN3,25,ephedra,235,185,95,95,
Panoche,PAN3,25,open,,,,50,
Panoche,PAN3,27,ephedra,210,130,85,80,
Panoche,PAN3,27,open,,,,60,
Panoche,PAN3,28,ephedra,175,75,115,70,Y
Panoche,PAN3,28,open,,,,65,Y
Panoche,PAN3,29,ephedra,330,205,80,80,
Panoche,PAN3,29,open,,,,60,
Panoche,PAN3,31,ephedra,265,210,100,85,
Panoche,PAN3,31,open,,,,20,
Panoche,PAN3,32,ephedra,350,330,165,85,Y
Panoche,PAN3,32,open,,,,95,Y
Panoche,PAN3,36,ephedra,360,330,105,40,Y
Panoche,PAN3,36,open,,,,90,N
Panoche,PAN3,40,ephedra,465,370,130,90,Y
Panoche,PAN3,40,open,,,,85,Y
Panoche,PAN2,40,ephedra,435,405,225,90,
Panoche,PAN2,40,open,,,,80,
Panoche,PAN2,39,ephedra,280,275,130,95,
Panoche,PAN2,39,open,,,,40,
Panoche,PAN2,38,ephedra,390,325,130,60,
Panoche,PAN2,38,open,,,,20,
Panoche,PAN2,37,ephedra,205,180,80,65,
Panoche,PAN2,37,open,,,,20,
Panoche,PAN2,36,ephedra,420,300,90,85,
Panoche,PAN2,36,open,,,,15,
Panoche,PAN2,35,ephedra,250,245,90,100,
Panoche,PAN2,35,open,,,,10,
Panoche,PAN2,34,ephedra,235,200,95,15,
Panoche,PAN2,34,open,,,,10,
Panoche,PAN2,33,ephedra,325,260,115,95,
Panoche,PAN2,33,open,,,,4,
Panoche,PAN2,32,ephedra,230,170,130,75,Y
Panoche,PAN2,32,open,,,,5,N
Panoche,PAN2,31,ephedra,250,200,95,80,
Panoche,PAN2,31,open,,,,15,
Panoche,PAN2,30,ephedra,285,260,110,40,
Panoche,PAN2,30,open,,,,5,
Panoche,PAN2,29,ephedra,270,235,130,75,
Panoche,PAN2,29,open,,,,3,
Panoche,PAN2,28,ephedra,240,235,80,40,
Panoche,PAN2,28,open,,,,10,
Panoche,PAN2,27,ephedra,420,375,200,80,
Panoche,PAN2,27,open,,,,70,
Panoche,PAN2,26,ephedra,240,220,115,30,
Panoche,PAN2,26,open,,,,15,
Panoche,PAN2,25,ephedra,190,185,105,65,
Panoche,PAN2,25,open,,,,10,
Panoche,PAN2,24,ephedra,275,230,135,85,Y
Panoche,PAN2,24,open,,,,5,Y
Panoche,PAN2,23,ephedra,215,185,115,35,
Panoche,PAN2,23,open,,,,5,
Panoche,PAN2,22,ephedra,240,210,145,70,
Panoche,PAN2,22,open,,,,5,
Panoche,PAN2,21,ephedra,255,225,95,75,
Panoche,PAN2,21,open,,,,8,
Panoche,PAN2,20,ephedra,230,175,90,85,
Panoche,PAN2,20,open,,,,45,
Panoche,PAN2,19,ephedra,180,120,125,65,
Panoche,PAN2,19,open,,,,15,
Panoche,PAN2,18,ephedra,190,175,135,20,N
Panoche,PAN2,18,open,,,,8,Y
Panoche,PAN2,17,ephedra,185,175,135,60,
Panoche,PAN2,17,open,,,,5,
Panoche,PAN2,16,ephedra,220,165,85,70,
Panoche,PAN2,16,open,,,,3,
Panoche,PAN2,15,ephedra,270,250,110,35,Y
Panoche,PAN2,15,open,,,,15,Y
Panoche,PAN2,13,ephedra,315,220,120,65,
Panoche,PAN2,13,open,,,,9,
Panoche,PAN2,12,ephedra,260,245,95,75,
Panoche,PAN2,12,open,,,,10,
Panoche,PAN2,11,ephedra,200,175,105,40,Y
Panoche,PAN2,11,open,,,,5,Y
Panoche,PAN2,6,ephedra,225,200,80,65,Y
Panoche,PAN2,6,open,,,,8,Y
Panoche,PAN1,1,ephedra,235,225,105,80,Y
Panoche,PAN1,1,open,,,,20,Y
Panoche,PAN1,2,ephedra,265,220,110,100,
Panoche,PAN1,2,open,,,,25,
Panoche,PAN1,3,ephedra,380,345,100,90,
Panoche,PAN1,3,open,,,,60,
Panoche,PAN1,4,ephedra,185,175,125,70,
Panoche,PAN1,4,open,,,,35,
Panoche,PAN1,5,ephedra,220,170,90,80,Y
Panoche,PAN1,5,open,,,,35,Y
Panoche,PAN1,6,ephedra,205,185,100,50,
Panoche,PAN1,6,open,,,,5,
Panoche,PAN1,7,ephedra,325,265,110,60,
Panoche,PAN1,7,open,,,,5,
Panoche,PAN1,8,ephedra,235,150,95,55,
Panoche,PAN1,8,open,,,,5,
Panoche,PAN1,9,ephedra,455,280,125,70,Y
Panoche,PAN1,9,open,,,,15,Y
Panoche,PAN1,10,ephedra,305,285,105,50,
Panoche,PAN1,10,open,,,,8,
Panoche,PAN1,11,ephedra,315,275,110,45,
Panoche,PAN1,11,open,,,,4,
Panoche,PAN1,12,ephedra,230,230,115,40,
Panoche,PAN1,12,open,,,,60,
Panoche,PAN1,13,ephedra,375,260,70,80,Y
Panoche,PAN1,13,open,,,,15,Y
Panoche,PAN1,14,ephedra,295,275,110,50,
Panoche,PAN1,14,open,,,,15,
Panoche,PAN1,15,ephedra,355,325,115,85,
Panoche,PAN1,15,open,,,,35,
Panoche,PAN1,16,ephedra,375,290,95,90,
Panoche,PAN1,16,open,,,,55,
Panoche,PAN1,17,ephedra,335,300,95,60,Y
Panoche,PAN1,17,open,,,,5,Y
Panoche,PAN1,18,ephedra,335,240,110,65,
Panoche,PAN1,18,open,,,,6,
Panoche,PAN1,19,ephedra,230,175,125,25,
Panoche,PAN1,19,open,,,,8,
Panoche,PAN1,20,ephedra,280,240,130,80,
Panoche,PAN1,20,open,,,,20,
Panoche,PAN1,21,ephedra,355,345,195,5,
Panoche,PAN1,21,open,,,,8,
Panoche,PAN1,22,ephedra,315,245,80,45,Y
Panoche,PAN1,22,open,,,,35,Y
Panoche,PAN1,23,ephedra,695,585,185,65,
Panoche,PAN1,23,open,,,,50,
Panoche,PAN1,24,ephedra,455,325,155,95,
Panoche,PAN1,24,open,,,,35,
Panoche,PAN1,25,ephedra,265,215,115,95,
Panoche,PAN1,25,open,,,,35,
Panoche,PAN1,26,ephedra,290,240,125,35,Y
Panoche,PAN1,26,open,,,,15,Y
Panoche,PAN1,27,ephedra,190,165,90,75,
Panoche,PAN1,27,open,,,,70,
Panoche,PAN1,30,ephedra,270,260,130,45,Y
Panoche,PAN1,30,open,,,,35,Y
Panoche,PAN1,34,ephedra,360,280,145,60,Y
Panoche,PAN1,34,open,,,,11,Y
Panoche,PAN1,38,ephedra,285,265,90,70,Y
Panoche,PAN1,38,open,,,,5,Y
Cuyama,C1,1,ephedra,370,320,155,25,
Cuyama,C1,1,open,,,,60,
Cuyama,C1,2,ephedra,410,405,210,80,Y
Cuyama,C1,2,open,,,,20,Y
Cuyama,C1,3,ephedra,620,475,190,20,
Cuyama,C1,3,open,,,,5,
Cuyama,C1,4,ephedra,685,605,185,75,
Cuyama,C1,4,open,,,,20,
Cuyama,C1,5,ephedra,205,200,125,15,
Cuyama,C1,5,open,,,,3,
Cuyama,C1,6,ephedra,225,195,160,45,Y
Cuyama,C1,6,open,,,,85,Y
Cuyama,C1,7,ephedra,450,360,155,20,
Cuyama,C1,7,open,,,,35,
Cuyama,C1,8,ephedra,400,335,140,50,
Cuyama,C1,8,open,,,,15,
Cuyama,C1,9,ephedra,455,395,170,90,
Cuyama,C1,9,open,,,,15,
Cuyama,C1,10,ephedra,295,245,170,85,Y
Cuyama,C1,10,open,,,,40,Y
Cuyama,C1,11,ephedra,575,510,210,60,
Cuyama,C1,11,open,,,,10,
Cuyama,C1,12,ephedra,315,315,160,85,
Cuyama,C1,12,open,,,,5,
Cuyama,C1,13,ephedra,270,220,135,30,
Cuyama,C1,13,open,,,,40,
Cuyama,C1,14,ephedra,425,400,195,50,Y
Cuyama,C1,14,open,,,,5,N
Cuyama,C1,15,ephedra,415,355,200,80,
Cuyama,C1,15,open,,,,8,
Cuyama,C1,16,ephedra,315,310,180,5,
Cuyama,C1,16,open,,,,2,
Cuyama,C1,17,ephedra,470,450,215,30,
Cuyama,C1,17,open,,,,8,
Cuyama,C1,18,ephedra,375,365,120,7,Y
Cuyama,C1,18,open,,,,5,Y
Cuyama,C1,19,ephedra,415,385,185,50,
Cuyama,C1,19,open,,,,15,
Cuyama,C1,20,ephedra,520,320,165,45,
Cuyama,C1,20,open,,,,5,
Cuyama,C1,21,ephedra,305,260,160,5,N
Cuyama,C1,21,open,,,,20,Y
Cuyama,C1,22,ephedra,320,260,130,70,
Cuyama,C1,22,open,,,,5,
Cuyama,C1,23,ephedra,290,245,150,35,
Cuyama,C1,23,open,,,,25,
Cuyama,C1,24,ephedra,320,285,170,8,
Cuyama,C1,24,open,,,,4,
Cuyama,C1,25,ephedra,320,320,185,70,
Cuyama,C1,25,open,,,,75,
Cuyama,C1,26,ephedra,380,280,115,20,Y
Cuyama,C1,26,open,,,,75,Y
Cuyama,C1,27,ephedra,380,315,190,40,
Cuyama,C1,27,open,,,,15,
Cuyama,C1,28,ephedra,470,405,275,75,
Cuyama,C1,28,open,,,,50,
Cuyama,C1,29,ephedra,485,375,265,45,
Cuyama,C1,29,open,,,,4,
Cuyama,C1,30,ephedra,425,375,190,0,Y
Cuyama,C1,30,open,,,,8,Y
Cuyama,C2,1,ephedra,355,290,160,40,
Cuyama,C2,1,open,,,,5,
Cuyama,C2,2,ephedra,295,250,150,70,Y
Cuyama,C2,2,open,,,,15,Y
Cuyama,C2,3,ephedra,460,450,130,95,
Cuyama,C2,3,open,,,,10,
Cuyama,C2,4,ephedra,305,180,130,100,
Cuyama,C2,4,open,,,,10,
Cuyama,C2,5,ephedra,230,135,115,60,
Cuyama,C2,5,open,,,,8,
Cuyama,C2,6,ephedra,420,375,185,65,Y
Cuyama,C2,6,open,,,,15,Y
Cuyama,C2,7,ephedra,460,405,120,90,
Cuyama,C2,7,open,,,,15,
Cuyama,C2,8,ephedra,375,305,115,85,
Cuyama,C2,8,open,,,,8,
Cuyama,C2,9,ephedra,290,210,120,40,
Cuyama,C2,9,open,,,,15,
Cuyama,C2,10,ephedra,435,425,155,50,Y
Cuyama,C2,10,open,,,,5,Y
Cuyama,C2,11,ephedra,440,325,170,25,
Cuyama,C2,11,open,,,,4,
Cuyama,C2,12,ephedra,455,395,160,85,
Cuyama,C2,12,open,,,,5,
Cuyama,C2,13,ephedra,290,290,115,8,
Cuyama,C2,13,open,,,,5,
Cuyama,C2,14,ephedra,265,210,180,80,Y
Cuyama,C2,14,open,,,,45,Y
Cuyama,C2,15,ephedra,435,420,155,50,
Cuyama,C2,15,open,,,,8,
Cuyama,C2,16,ephedra,330,300,155,95,
Cuyama,C2,16,open,,,,4,
Cuyama,C2,17,ephedra,410,355,195,20,
Cuyama,C2,17,open,,,,8,
Cuyama,C2,18,ephedra,530,510,120,5,Y
Cuyama,C2,18,open,,,,6,Y
Cuyama,C2,19,ephedra,260,240,140,4,
Cuyama,C2,19,open,,,,4,
Cuyama,C2,20,ephedra,425,380,190,50,
Cuyama,C2,20,open,,,,10,
Cuyama,C2,21,ephedra,255,210,145,20,
Cuyama,C2,21,open,,,,8,
Cuyama,C2,22,ephedra,325,265,165,60,Y
Cuyama,C2,22,open,,,,8,Y
Cuyama,C2,23,ephedra,295,245,120,30,
Cuyama,C2,23,open,,,,50,
Cuyama,C2,24,ephedra,605,510,155,60,
Cuyama,C2,24,open,,,,40,
Cuyama,C2,25,ephedra,280,240,175,35,
Cuyama,C2,25,open,,,,2,
Cuyama,C2,26,ephedra,350,340,165,60,Y
Cuyama,C2,26,open,,,,4,Y
Cuyama,C2,27,ephedra,355,265,130,55,
Cuyama,C2,27,open,,,,5,
Cuyama,C2,28,ephedra,480,415,160,30,
Cuyama,C2,28,open,,,,3,
Cuyama,C2,29,ephedra,430,420,195,80,Y
Cuyama,C2,29,open,,,,3,Y
Cuyama,C2,30,ephedra,580,460,255,35,
Cuyama,C2,30,open,,,,1,
Cuyama,C3,1,ephedra,290,285,210,25,
Cuyama,C3,1,open,,,,5,
Cuyama,C3,2,ephedra,310,290,165,45,Y
Cuyama,C3,2,open,,,,30,Y
Cuyama,C3,3,ephedra,390,360,140,25,
Cuyama,C3,3,open,,,,20,
Cuyama,C3,4,ephedra,180,160,160,45,
Cuyama,C3,4,open,,,,65,
Cuyama,C3,5,ephedra,485,460,205,35,
Cuyama,C3,5,open,,,,20,
Cuyama,C3,6,ephedra,235,220,105,25,N
Cuyama,C3,6,open,,,,5,N
Cuyama,C3,7,ephedra,450,415,240,95,
Cuyama,C3,7,open,,,,40,
Cuyama,C3,8,ephedra,495,475,195,25,
Cuyama,C3,8,open,,,,15,
Cuyama,C3,9,ephedra,305,130,115,30,Y
Cuyama,C3,9,open,,,,100,Y
Cuyama,C3,10,ephedra,250,240,145,95,
Cuyama,C3,10,open,,,,60,
Cuyama,C3,11,ephedra,265,260,170,30,
Cuyama,C3,11,open,,,,35,
Cuyama,C3,12,ephedra,235,235,130,50,
Cuyama,C3,12,open,,,,4,
Cuyama,C3,13,ephedra,340,295,195,25,
Cuyama,C3,13,open,,,,20,
Cuyama,C3,14,ephedra,315,305,155,75,Y
Cuyama,C3,14,open,,,,25,Y
Cuyama,C3,15,ephedra,280,250,145,20,
Cuyama,C3,15,open,,,,30,
Cuyama,C3,16,ephedra,295,340,295,55,
Cuyama,C3,16,open,,,,10,
Cuyama,C3,17,ephedra,390,350,165,40,
Cuyama,C3,17,open,,,,10,
Cuyama,C3,18,ephedra,455,425,235,50,Y
Cuyama,C3,18,open,,,,3,N
Cuyama,C3,19,ephedra,260,255,160,15,
Cuyama,C3,19,open,,,,65,
Cuyama,C3,20,ephedra,400,355,180,25,
Cuyama,C3,20,open,,,,79,
Cuyama,C3,21,ephedra,490,450,235,15,
Cuyama,C3,21,open,,,,75,
Cuyama,C3,22,ephedra,220,210,145,30,Y
Cuyama,C3,22,open,,,,97,Y
Cuyama,C3,23,ephedra,310,290,225,55,
Cuyama,C3,23,open,,,,2,
Cuyama,C3,24,ephedra,630,440,245,8,
Cuyama,C3,24,open,,,,8,
Cuyama,C3,25,ephedra,455,415,175,15,
Cuyama,C3,25,open,,,,4,
Cuyama,C3,26,ephedra,360,320,200,20,Y
Cuyama,C3,26,open,,,,0,Y
Cuyama,C3,27,ephedra,470,410,245,10,
Cuyama,C3,27,open,,,,25,
Cuyama,C3,28,ephedra,330,310,155,70,
Cuyama,C3,28,open,,,,,
Cuyama,C3,29,ephedra,375,360,185,35,Y
Cuyama,C3,29,open,,,,2,Y
Cuyama,C3,30,ephedra,370,360,185,75,
Cuyama,C3,30,open,,,,25,
Mojave,M1,1,ephedra,160,75,90,20,
Mojave,M1,1,larrea,390,270,190,0,
Mojave,M1,1,open,,,,5,
Mojave,M1,2,ephedra,140,140,75,15,Y
Mojave,M1,2,larrea,245,215,155,15,Y
Mojave,M1,2,open,,,,0,Y
Mojave,M1,3,ephedra,130,75,90,4,
Mojave,M1,3,larrea,260,220,180,10,
Mojave,M1,3,open,,,,8,
Mojave,M1,4,ephedra,110,65,80,25,
Mojave,M1,4,larrea,280,230,230,10,
Mojave,M1,4,open,,,,20,
Mojave,M1,5,ephedra,215,135,110,20,
Mojave,M1,5,larrea,235,165,90,2,
Mojave,M1,5,open,,,,0,
Mojave,M1,6,ephedra,235,205,100,5,Y
Mojave,M1,6,larrea,395,270,280,8,Y
Mojave,M1,6,open,,,,5,Y
Mojave,M1,7,ephedra,100,85,75,15,
Mojave,M1,7,larrea,180,170,90,15,
Mojave,M1,7,open,,,,15,
Mojave,M1,8,ephedra,95,85,70,40,
Mojave,M1,8,larrea,375,320,295,0,
Mojave,M1,8,open,,,,25,
Mojave,M1,9,ephedra,210,180,85,15,
Mojave,M1,9,larrea,310,215,215,20,
Mojave,M1,9,open,,,,0,
Mojave,M1,10,ephedra,185,175,120,15,Y
Mojave,M1,10,larrea,180,175,95,10,Y
Mojave,M1,10,open,,,,4,Y
Mojave,M1,11,ephedra,100,70,80,20,
Mojave,M1,11,larrea,160,125,105,10,
Mojave,M1,11,open,,,,35,
Mojave,M1,12,ephedra,185,130,80,10,
Mojave,M1,12,larrea,185,185,100,8,
Mojave,M1,12,open,,,,0,
Mojave,M1,13,ephedra,125,105,100,30,
Mojave,M1,13,larrea,230,170,165,4,
Mojave,M1,13,open,,,,0,
Mojave,M1,14,ephedra,275,210,150,25,Y
Mojave,M1,14,larrea,180,150,140,6,Y
Mojave,M1,14,open,,,,5,Y
Mojave,M1,15,ephedra,240,125,120,25,
Mojave,M1,15,larrea,280,205,200,20,
Mojave,M1,15,open,,,,3,
Mojave,M1,16,ephedra,140,120,110,15,
Mojave,M1,16,larrea,325,270,180,15,
Mojave,M1,16,open,,,,8,
Mojave,M1,17,ephedra,180,125,120,10,
Mojave,M1,17,larrea,315,210,205,15,
Mojave,M1,17,open,,,,15,
Mojave,M1,18,ephedra,160,130,70,8,Y
Mojave,M1,18,larrea,170,155,145,20,Y
Mojave,M1,18,open,,,,20,Y
Mojave,M1,19,ephedra,215,210,115,25,
Mojave,M1,19,larrea,325,245,180,5,
Mojave,M1,19,open,,,,8,
Mojave,M1,20,ephedra,160,105,110,15,
Mojave,M1,20,larrea,260,160,175,15,
Mojave,M1,20,open,,,,6,
Mojave,M1,21,ephedra,225,155,110,20,
Mojave,M1,21,larrea,195,110,160,10,
Mojave,M1,21,open,,,,4,
Mojave,M1,22,ephedra,240,225,140,10,Y
Mojave,M1,22,larrea,190,150,135,5,Y
Mojave,M1,22,open,,,,3,Y
Mojave,M1,23,ephedra,120,115,90,5,
Mojave,M1,23,larrea,250,225,190,8,
Mojave,M1,23,open,,,,0,
Mojave,M1,24,ephedra,155,140,85,20,
Mojave,M1,24,larrea,365,335,180,8,
Mojave,M1,24,open,,,,5,
Mojave,M1,25,ephedra,225,180,100,2,
Mojave,M1,25,larrea,310,270,195,8,
Mojave,M1,25,open,,,,10,
Mojave,M1,26,ephedra,150,145,95,3,Y
Mojave,M1,26,larrea,185,100,135,15,Y
Mojave,M1,26,open,,,,5,Y
Mojave,M1,27,ephedra,220,180,105,15,
Mojave,M1,27,larrea,340,335,230,10,
Mojave,M1,27,open,,,,3,
Mojave,M1,28,ephedra,190,170,115,5,
Mojave,M1,28,larrea,245,170,145,15,
Mojave,M1,28,open,,,,3,
Mojave,M1,29,ephedra,220,145,95,35,
Mojave,M1,29,larrea,425,380,175,8,
Mojave,M1,29,open,,,,0,
Mojave,M1,30,ephedra,260,145,100,30,Y
Mojave,M1,30,larrea,335,300,250,20,Y
Mojave,M1,30,open,,,,30,Y
Mojave,M2,1,ephedra,115,55,65,5,
Mojave,M2,1,larrea,465,445,485,15,
Mojave,M2,1,open,,,,3,
Mojave,M2,2,ephedra,255,210,115,10,Y
Mojave,M2,2,larrea,375,270,250,15,Y
Mojave,M2,2,open,,,,8,Y
Mojave,M2,3,ephedra,265,255,140,20,
Mojave,M2,3,larrea,390,200,205,10,
Mojave,M2,3,open,,,,0,
Mojave,M2,4,ephedra,180,180,100,25,
Mojave,M2,4,larrea,305,285,175,10,
Mojave,M2,4,open,,,,3,
Mojave,M2,5,ephedra,120,105,70,15,
Mojave,M2,5,larrea,270,255,215,20,
Mojave,M2,5,open,,,,3,
Mojave,M2,6,ephedra,200,200,110,20,Y
Mojave,M2,6,larrea,535,330,260,10,Y
Mojave,M2,6,open,,,,5,Y
Mojave,M2,7,ephedra,235,200,135,35,
Mojave,M2,7,larrea,275,195,120,12,
Mojave,M2,7,open,,,,4,
Mojave,M2,8,ephedra,305,205,130,20,
Mojave,M2,8,larrea,245,335,290,15,
Mojave,M2,8,open,,,,0,
Mojave,M2,9,ephedra,155,115,100,35,
Mojave,M2,9,larrea,310,165,145,1,
Mojave,M2,9,open,,,,0,
Mojave,M2,10,ephedra,315,180,130,20,Y
Mojave,M2,10,larrea,280,155,205,15,Y
Mojave,M2,10,open,,,,0,Y
Mojave,M2,11,ephedra,225,215,110,20,
Mojave,M2,11,larrea,295,295,165,35,
Mojave,M2,11,open,,,,6,
Mojave,M2,12,ephedra,155,135,95,10,
Mojave,M2,12,larrea,270,150,175,25,
Mojave,M2,12,open,,,,3,
Mojave,M2,13,ephedra,205,150,125,15,
Mojave,M2,13,larrea,265,195,190,30,
Mojave,M2,13,open,,,,8,
Mojave,M2,14,ephedra,220,190,110,25,Y
Mojave,M2,14,larrea,315,245,185,10,N
Mojave,M2,14,open,,,,4,Y
Mojave,M2,15,ephedra,225,225,105,25,
Mojave,M2,15,larrea,355,235,245,45,
Mojave,M2,15,open,,,,0,
Mojave,M2,16,ephedra,190,160,95,25,
Mojave,M2,16,larrea,375,350,235,55,
Mojave,M2,16,open,,,,3,
Mojave,M2,17,ephedra,165,145,115,25,
Mojave,M2,17,larrea,145,140,110,65,
Mojave,M2,17,open,,,,6,
Mojave,M2,18,ephedra,185,175,85,35,Y
Mojave,M2,18,larrea,330,240,245,15,Y
Mojave,M2,18,open,,,,3,Y
Mojave,M2,19,ephedra,245,190,115,20,
Mojave,M2,19,larrea,385,300,210,20,
Mojave,M2,19,open,,,,5,
Mojave,M2,20,ephedra,180,170,95,30,
Mojave,M2,20,larrea,305,370,205,40,
Mojave,M2,20,open,,,,8,
Mojave,M2,21,ephedra,140,115,110,2,
Mojave,M2,21,larrea,260,260,145,20,
Mojave,M2,21,open,,,,3,
Mojave,M2,22,ephedra,170,120,75,20,N
Mojave,M2,22,larrea,325,130,250,30,Y
Mojave,M2,22,open,,,,15,Y
Mojave,M2,23,ephedra,110,110,85,15,
Mojave,M2,23,larrea,280,205,215,25,
Mojave,M2,23,open,,,,10,
Mojave,M2,24,ephedra,130,80,100,25,
Mojave,M2,24,larrea,325,320,235,50,
Mojave,M2,24,open,,,,8,
Mojave,M2,25,ephedra,220,145,115,30,
Mojave,M2,25,larrea,215,170,135,20,
Mojave,M2,25,open,,,,4,
Mojave,M2,26,ephedra,130,130,110,25,Y
Mojave,M2,26,larrea,280,225,180,20,N
Mojave,M2,26,open,,,,6,Y
Mojave,M2,27,ephedra,190,185,95,25,
Mojave,M2,27,larrea,185,180,100,15,
Mojave,M2,27,open,,,,15,
Mojave,M2,28,ephedra,260,220,155,8,
Mojave,M2,28,larrea,385,375,205,15,
Mojave,M2,28,open,,,,0,
Mojave,M2,29,ephedra,110,95,70,6,
Mojave,M2,29,larrea,500,400,270,15,
Mojave,M2,29,open,,,,5,
Mojave,M2,30,ephedra,210,170,130,10,Y
Mojave,M2,30,larrea,385,380,250,0,Y
Mojave,M2,30,open,,,,8,N
Mojave,M3,1,ephedra,245,145,120,5,
Mojave,M3,1,larrea,155,130,130,15,
Mojave,M3,1,open,,,,4,
Mojave,M3,2,ephedra,215,180,110,3,Y
Mojave,M3,2,larrea,155,140,115,5,Y
Mojave,M3,2,open,,,,4,Y
Mojave,M3,3,ephedra,175,120,80,5,
Mojave,M3,3,larrea,225,120,150,20,
Mojave,M3,3,open,,,,0,
Mojave,M3,4,ephedra,195,145,105,5,
Mojave,M3,4,larrea,245,175,155,15,
Mojave,M3,4,open,,,,4,
Mojave,M3,5,ephedra,140,115,80,4,
Mojave,M3,5,larrea,115,80,175,8,
Mojave,M3,5,open,,,,0,
Mojave,M3,6,ephedra,140,95,65,8,Y
Mojave,M3,6,larrea,370,255,130,6,Y
Mojave,M3,6,open,,,,5,Y
Mojave,M3,7,ephedra,115,65,60,10,
Mojave,M3,7,larrea,255,220,155,15,
Mojave,M3,7,open,,,,1,
Mojave,M3,8,ephedra,75,40,55,10,
Mojave,M3,8,larrea,245,165,165,25,
Mojave,M3,8,open,,,,4,
Mojave,M3,9,ephedra,75,60,55,10,
Mojave,M3,9,larrea,95,90,55,8,
Mojave,M3,9,open,,,,2,
Mojave,M3,10,ephedra,135,55,55,30,Y
Mojave,M3,10,larrea,160,95,75,15,Y
Mojave,M3,10,open,,,,3,N
Mojave,M3,11,ephedra,145,140,80,20,
Mojave,M3,11,larrea,185,150,150,20,
Mojave,M3,11,open,,,,3,
Mojave,M3,12,ephedra,110,85,55,15,
Mojave,M3,12,larrea,150,135,95,35,
Mojave,M3,12,open,,,,3,
Mojave,M3,13,ephedra,85,55,60,5,
Mojave,M3,13,larrea,240,471,110,25,
Mojave,M3,13,open,,,,3,
Mojave,M3,14,ephedra,135,115,85,61,Y
Mojave,M3,14,larrea,220,155,140,10,Y
Mojave,M3,14,open,,,,0,N
Mojave,M3,15,ephedra,75,60,55,15,
Mojave,M3,15,larrea,275,270,170,20,
Mojave,M3,15,open,,,,3,
Mojave,M3,16,ephedra,115,95,65,20,
Mojave,M3,16,larrea,210,175,135,20,
Mojave,M3,16,open,,,,2,
Mojave,M3,17,ephedra,100,85,75,15,
Mojave,M3,17,larrea,240,170,90,25,
Mojave,M3,17,open,,,,3,
Mojave,M3,18,ephedra,95,60,55,15,Y
Mojave,M3,18,larrea,145,130,85,20,Y
Mojave,M3,18,open,,,,2,Y
Mojave,M3,19,ephedra,85,60,55,15,
Mojave,M3,19,larrea,295,245,155,25,
Mojave,M3,19,open,,,,2,
Mojave,M3,20,ephedra,115,105,50,15,
Mojave,M3,20,larrea,420,250,155,30,
Mojave,M3,20,open,,,,0,
Mojave,M3,21,ephedra,125,85,70,15,
Mojave,M3,21,larrea,120,70,75,15,
Mojave,M3,21,open,,,,3,
Mojave,M3,22,ephedra,105,85,70,8,Y
Mojave,M3,22,larrea,190,140,105,25,N
Mojave,M3,22,open,,,,0,Y
Mojave,M3,23,ephedra,155,115,80,10,
Mojave,M3,23,larrea,185,175,135,35,
Mojave,M3,23,open,,,,1,
Mojave,M3,24,ephedra,100,60,60,4,
Mojave,M3,24,larrea,130,120,110,15,
Mojave,M3,24,open,,,,0,
Mojave,M3,25,ephedra,75,55,65,10,
Mojave,M3,25,larrea,75,65,65,25,
Mojave,M3,25,open,,,,3,
Mojave,M3,26,ephedra,85,55,65,10,Y
Mojave,M3,26,larrea,125,115,75,15,Y
Mojave,M3,26,open,,,,4,Y
Mojave,M3,27,ephedra,75,55,45,15,
Mojave,M3,27,larrea,145,140,80,15,
Mojave,M3,27,open,,,,3,
Mojave,M3,28,ephedra,135,125,70,10,
Mojave,M3,28,larrea,160,150,125,10,
Mojave,M3,28,open,,,,2,
Mojave,M3,29,ephedra,105,85,65,20,
Mojave,M3,29,larrea,170,140,125,60,
Mojave,M3,29,open,,,,3,
Mojave,M3,30,ephedra,180,135,85,15,Y
Mojave,M3,30,larrea,240,145,100,25,Y
Mojave,M3,30,open,,,,5,Y
